Case UUID	Case ID	Project	Primary Site	Gender	Files	Seq	Exp	SNV	CNV	Meth	Clinical	Bio	# Mutations	# Genes
33cea538-4c3f-470a-972d-257c43241ab4	TCGA-C8-A135	TCGA-BRCA	Breast	Female	32	4	5	16	4	1	1	1	1	1
241fffc8-4250-4cfa-b2e7-e68c33ae07dc	TCGA-AR-A24U	TCGA-BRCA	Breast	Female	30	4	5	16	2	1	1	1	1	1
ddcbdac6-9e43-4146-a611-d033125eba14	TCGA-BH-A208	TCGA-BRCA	Breast	Female	40	6	10	16	4	2	1	1	1	1
ad18820b-a804-49c0-ba8a-86c09fa6bce2	TCGA-BH-A1F6	TCGA-BRCA	Breast	Female	40	6	10	16	4	2	1	1	1	1
7eea2b6e-771f-44c0-9350-38f45c8dbe87	TCGA-A7-A6VX	TCGA-BRCA	Breast	Female	32	4	5	16	4	1	1	1	1	1
ba39bfbc-5cac-4f6c-b55c-4eee3466ee93	TCGA-BH-A0DL	TCGA-BRCA	Breast	Female	43	7	10	16	6	2	1	1	1	1
fc18d029-9be2-4fa0-9aef-6d647dc55f0b	TCGA-D8-A147	TCGA-BRCA	Breast	Female	32	4	5	16	4	1	1	1	1	1
9646160a-f1f9-437b-8c7d-efb0b57bfb97	TCGA-AN-A0AJ	TCGA-BRCA	Breast	Female	32	4	5	16	4	1	1	1	1	1
36fe6152-f61e-4948-9ccc-23ac01a9d77d	TCGA-AO-A0JE	TCGA-BRCA	Breast	Female	32	4	5	16	4	1	1	1	1	1
14b95463-2108-4921-afc2-e29eef52b18f	TCGA-A2-A0YT	TCGA-BRCA	Breast	Female	32	4	5	16	4	1	1	1	1	1
3ecb0147-276d-486c-9af0-ce437c24ba83	TCGA-BH-A0BR	TCGA-BRCA	Breast	Female	32	4	5	16	4	1	1	1	1	1
6d24e675-2fa4-4102-861f-7516650b3049	TCGA-LL-A5YP	TCGA-BRCA	Breast	Female	32	4	5	16	4	1	1	1	1	1
8f912a40-3251-4e1f-ae65-1f93d71f9881	TCGA-EW-A1OZ	TCGA-BRCA	Breast	Female	32	4	5	16	4	1	1	1	1	1
55262fcb-1b01-4480-b322-36570430c917	TCGA-3C-AALI	TCGA-BRCA	Breast	Female	32	4	5	16	4	1	1	1	1	1
b6c286c6-2755-419b-87d3-59c7feda9653	TCGA-C8-A138	TCGA-BRCA	Breast	Female	32	4	5	16	4	1	1	1	1	1
0491063c-14a7-4104-8002-1459126332f3	TCGA-B6-A0IK	TCGA-BRCA	Breast	Female	32	4	5	16	4	1	1	1	1	1
eda6d2d5-4199-4f76-a45b-1d0401b4e54c	TCGA-AR-A1AR	TCGA-BRCA	Breast	Female	32	4	5	16	4	1	1	1	1	1
d1fd8ed2-be13-4272-b31e-df86911db3b1	TCGA-AR-A24P	TCGA-BRCA	Breast	Female	32	4	5	16	4	1	1	1	1	1
6e6b7742-a562-490b-bb72-04a5653852e4	TCGA-GM-A2DB	TCGA-BRCA	Breast	Female	32	4	5	16	4	1	1	1	1	1
b43e41af-1d82-4b5f-b8f1-add0510e6b86	TCGA-A8-A07B	TCGA-BRCA	Breast	Female	32	4	5	16	4	1	1	1	1	1
074e8b06-3929-4896-9263-3b80ad6a355b	TCGA-AR-A24S	TCGA-BRCA	Breast	Female	32	4	5	16	4	1	1	1	1	1
08da7c4c-3067-4bcf-9d7a-78566df72e69	TCGA-B6-A0RE	TCGA-BRCA	Breast	Female	32	4	5	16	4	1	1	1	1	1
4f608829-ffc4-4527-886e-6bc764ab29f5	TCGA-BH-A0BG	TCGA-BRCA	Breast	Female	32	4	5	16	4	1	1	1	1	1
359f12f9-5c41-48a4-85bc-fd7e307bf7d8	TCGA-EW-A1P8	TCGA-BRCA	Breast	Female	32	4	5	16	4	1	1	1	1	1
a9bb8159-32f0-454c-a946-b3286a52b9d5	TCGA-A1-A0SP	TCGA-BRCA	Breast	Female	32	4	5	16	4	1	1	1	1	1
ce887e90-0660-4f44-a3a4-b3b894cb7eda	TCGA-C8-A275	TCGA-BRCA	Breast	Female	32	4	5	16	4	1	1	1	1	1
ac075bc0-1b59-4557-beea-541694faee03	TCGA-E9-A1N8	TCGA-BRCA	Breast	Female	33	4	5	16	4	2	1	1	1	1
796b593f-5886-4a27-bf94-7ea8df325e1a	TCGA-A2-A0YJ	TCGA-BRCA	Breast	Female	29	3	3	16	4	1	1	1	1	1
21ef1730-e5a7-47ce-b419-d000bb59ae15	TCGA-BH-A1F0	TCGA-BRCA	Breast	Female	40	6	10	16	4	2	1	1	1	1
dcd5e079-813a-4c1a-b320-0931468d2bbc	TCGA-D8-A1JF	TCGA-BRCA	Breast	Female	32	4	5	16	4	1	1	1	1	1
ebc460c2-df88-4dc0-a2c0-aca8072b75ad	TCGA-AN-A0AR	TCGA-BRCA	Breast	Female	32	4	5	16	4	1	1	1	1	1
7d9d3522-ec3b-4efe-8c8e-c0e675276ef5	TCGA-BH-A0GY	TCGA-BRCA	Breast	Female	32	4	5	16	4	1	1	1	1	1
d7308344-5bab-4073-bb4f-4d8cd8d7bd17	TCGA-E2-A159	TCGA-BRCA	Breast	Female	32	4	5	16	4	1	1	1	1	1
3c8b5af9-c34d-43c2-b8c9-39ea11e44fa6	TCGA-BH-A1FD	TCGA-BRCA	Breast	Female	37	5	8	16	4	2	1	1	1	1
30ec8b1f-28c4-4f46-8a1b-a8d51e558c7d	TCGA-BH-A18T	TCGA-BRCA	Breast	Female	32	4	5	16	4	1	1	1	1	1
4fba3deb-db94-44b5-a0f2-a575d270779e	TCGA-E2-A14R	TCGA-BRCA	Breast	Female	32	4	5	16	4	1	1	1	1	1
baf1207d-7d1a-4cad-ba58-62c26be2415e	TCGA-AN-A0FL	TCGA-BRCA	Breast	Female	32	4	5	16	4	1	1	1	1	1
5a57dc25-d252-4b22-b192-4de630d7002f	TCGA-BH-A0B9	TCGA-BRCA	Breast	Female	32	4	5	16	4	1	1	1	1	1
9848307d-1bd5-40c1-b655-a33297aaf74f	TCGA-AR-A1AI	TCGA-BRCA	Breast	Female	32	4	5	16	4	1	1	1	1	1
18eb4dfc-556f-4bf3-a411-4780209ed1e0	TCGA-BH-A0B3	TCGA-BRCA	Breast	Female	43	7	10	16	6	2	1	1	1	1
d69e59a8-b10b-46f5-b859-b6c178d90506	TCGA-A7-A0CJ	TCGA-BRCA	Breast	Female	32	4	5	16	4	1	1	1	1	1
2b36853f-34d3-47c5-ba6a-e5a93233d2b1	TCGA-AC-A7VC	TCGA-BRCA	Breast	Female	32	4	5	16	4	1	1	1	1	1
d4a1ecdc-399c-4f82-aa7a-68a0c82ded3f	TCGA-E9-A243	TCGA-BRCA	Breast	Female	32	4	5	16	4	1	1	1	2	1
53ff5893-7d5e-4bcb-be9c-665fa34b7824	TCGA-EW-A1OY	TCGA-BRCA	Breast	Female	32	4	5	16	4	1	1	1	1	1
02bed00f-bef7-4fb7-b243-540354990e45	TCGA-A2-A0T1	TCGA-BRCA	Breast	Female	32	4	5	16	4	1	1	1	1	1
b094e8b2-8ece-4b36-8025-18073a8b873c	TCGA-AO-A124	TCGA-BRCA	Breast	Female	32	4	5	16	4	1	1	1	1	1
5d1d00c6-fcae-479e-ae1e-de76efd41d98	TCGA-BH-A0BW	TCGA-BRCA	Breast	Female	43	7	10	16	6	2	1	1	1	1
0fe1419e-a005-407c-8ae7-15c4c1579539	TCGA-E2-A1II	TCGA-BRCA	Breast	Female	33	4	5	16	4	2	1	1	1	1
6956473b-92e5-4069-a26b-b48e280e76f2	TCGA-B6-A0RU	TCGA-BRCA	Breast	Female	32	4	5	16	4	1	1	1	1	1
d8ecba6a-9fff-4993-a799-9a8d2aea524e	TCGA-E2-A1LH	TCGA-BRCA	Breast	Female	39	6	10	16	4	1	1	1	1	1
807b62ed-d3f7-4211-83be-754386ff2c96	TCGA-E9-A3HO	TCGA-BRCA	Breast	Female	29	3	3	16	4	1	1	1	1	1
e7a00d67-2c26-4d1f-bd17-35f659e88bc1	TCGA-BH-A202	TCGA-BRCA	Breast	Female	32	4	5	16	4	1	1	1	1	1
3b1f7e48-216d-47de-ba79-db350f52bff0	TCGA-C8-A27A	TCGA-BRCA	Breast	Female	32	4	5	16	4	1	1	1	1	1
478eb8aa-50b8-4ce5-98e4-d518ede4b174	TCGA-BH-A0DZ	TCGA-BRCA	Breast	Female	43	7	10	16	6	2	1	1	1	1
70ab4f23-23c4-409f-a5cc-18a010c3a24e	TCGA-C8-A26X	TCGA-BRCA	Breast	Female	32	4	5	16	4	1	1	1	1	1
6adca853-1b09-47ff-814c-47b732a76d96	TCGA-C8-A12W	TCGA-BRCA	Breast	Female	32	4	5	16	4	1	1	1	1	1
c3148e68-1739-4334-abda-1dcbc2166846	TCGA-B6-A0RH	TCGA-BRCA	Breast	Female	32	4	5	16	4	1	1	1	1	1
1347c23d-8d6e-4c15-9461-640249838c96	TCGA-LL-A6FR	TCGA-BRCA	Breast	Female	32	4	5	16	4	1	1	1	1	1
6a2972e3-cca9-47e5-aac0-b770f2399eeb	TCGA-BH-A1F2	TCGA-BRCA	Breast	Female	40	6	10	16	4	2	1	1	1	1
43029932-feb0-4658-97fa-645c1e775009	TCGA-AR-A1AN	TCGA-BRCA	Breast	Female	32	4	5	16	4	1	1	1	1	1
178b2c48-c07d-422e-ae17-8bcfd996ad51	TCGA-B6-A0X1	TCGA-BRCA	Breast	Female	29	3	3	16	4	1	1	1	1	1
2192c1db-4718-4254-ba42-3ae7f30ad5a8	TCGA-A2-A0EQ	TCGA-BRCA	Breast	Female	32	4	5	16	4	1	1	1	1	1
441919eb-8c9f-478c-bda3-8de4f8295e8a	TCGA-C8-A12L	TCGA-BRCA	Breast	Female	32	4	5	16	4	1	1	1	1	1
4a032bad-e726-48f2-8f39-e3acc109cc91	TCGA-BH-A0BZ	TCGA-BRCA	Breast	Female	40	6	10	16	4	2	1	1	1	1
e9f4f373-37a5-48ad-a1a0-b0d47820111a	TCGA-AO-A0J6	TCGA-BRCA	Breast	Female	32	4	5	16	4	1	1	1	1	1
844ad251-3ee4-42f6-ad00-59a7a1670eea	TCGA-BH-A0HY	TCGA-BRCA	Breast	Female	32	4	5	16	4	1	1	1	1	1
ccb22ecc-6e18-44b8-ad48-6ab51314b16e	TCGA-D8-A142	TCGA-BRCA	Breast	Female	32	4	5	16	4	1	1	1	1	1
1c40b84e-a0e3-429f-a48c-21566cf881c0	TCGA-D8-A143	TCGA-BRCA	Breast	Female	32	4	5	16	4	1	1	1	1	1
38a4e9bd-93e9-432d-a756-3b1055b823bd	TCGA-LD-A74U	TCGA-BRCA	Breast	Female	32	4	5	16	4	1	1	1	1	1
a6cb373a-1604-4e25-bd81-da6c3e4f06ee	TCGA-AO-A03V	TCGA-BRCA	Breast	Female	32	4	5	16	4	1	1	1	1	1
5258294f-ef5b-4091-9183-6bcc545d54b2	TCGA-BH-A209	TCGA-BRCA	Breast	Female	40	6	10	16	4	2	1	1	1	1
993103b1-e5a1-4c33-8629-be53ebc41d64	TCGA-A8-A094	TCGA-BRCA	Breast	Female	32	4	5	16	4	1	1	1	1	1
b58ad350-5140-4fa8-bc2c-24bca8395f3a	TCGA-A2-A04T	TCGA-BRCA	Breast	Female	32	4	5	16	4	1	1	1	2	1
752ad011-79e0-494f-9868-98bf6feb28f8	TCGA-E2-A14N	TCGA-BRCA	Breast	Female	32	4	5	16	4	1	1	1	1	1
7f2a63e6-64d5-4be1-9814-e8416fc9e688	TCGA-D8-A1JG	TCGA-BRCA	Breast	Female	32	4	5	16	4	1	1	1	2	1
1549dc64-3dab-43fc-96e9-b07d520957e1	TCGA-D8-A27F	TCGA-BRCA	Breast	Female	32	4	5	16	4	1	1	1	1	1
59bf0ce4-715a-4017-bccb-c59916e78324	TCGA-A8-A07U	TCGA-BRCA	Breast	Female	32	4	5	16	4	1	1	1	1	1
8a0ef221-8070-43fc-9d98-def90abe4871	TCGA-E2-A1B1	TCGA-BRCA	Breast	Female	32	4	5	16	4	1	1	1	1	1
3b7b9c1e-a84c-47ed-983c-9e4b00cbf01a	TCGA-A7-A26F	TCGA-BRCA	Breast	Female	47	6	7	24	6	2	1	1	1	1
44954053-0b93-4577-a436-42777e442300	TCGA-B6-A0I9	TCGA-BRCA	Breast	Female	32	4	5	16	4	1	1	1	1	1
c364e81c-eb1e-4870-ab37-9c661f5f2e3d	TCGA-AR-A0TX	TCGA-BRCA	Breast	Female	32	4	5	16	4	1	1	1	1	1
ae65baeb-6b78-492a-8c63-bb7e93e83dc2	TCGA-D8-A27M	TCGA-BRCA	Breast	Female	32	4	5	16	4	1	1	1	1	1
c49e3b18-fd88-48f4-8b01-300692ceb367	TCGA-C8-A131	TCGA-BRCA	Breast	Female	32	4	5	16	4	1	1	1	1	1
c5891c7a-fd24-4891-8f51-373967e4a6dd	TCGA-BH-A0AW	TCGA-BRCA	Breast	Female	32	4	5	16	4	1	1	1	1	1
97943d87-fed7-4f14-a0a7-c5bfee64c392	TCGA-D8-A1XK	TCGA-BRCA	Breast	Female	32	4	5	16	4	1	1	1	1	1
89414e79-7f89-42d9-8228-101b5bf2f31f	TCGA-C8-A26V	TCGA-BRCA	Breast	Female	32	4	5	16	4	1	1	1	1	1
59be60a3-e0f6-4d63-b98c-574ef92428c4	TCGA-E2-A15M	TCGA-BRCA	Breast	Female	43	7	10	16	6	2	1	1	1	1
5362cbc4-cd28-4afd-a8ac-1a4c2c33cad2	TCGA-B6-A409	TCGA-BRCA	Breast	Female	32	4	5	16	4	1	1	1	1	1
a9b7d7fe-be31-4f71-afee-c1bfdf511888	TCGA-AO-A0J4	TCGA-BRCA	Breast	Female	32	4	5	16	4	1	1	1	1	1
ca76c6fc-ff30-4833-884d-3a94fe53ff17	TCGA-BH-A0EE	TCGA-BRCA	Breast	Female	32	4	5	16	4	1	1	1	2	1
327a2395-85c8-42e1-9638-8e037a1723ed	TCGA-BH-A0BC	TCGA-BRCA	Breast	Female	43	7	10	16	6	2	1	1	1	1
991e1427-3c01-423d-abfd-4584302ca72c	TCGA-A2-A0SW	TCGA-BRCA	Breast	Female	32	4	5	16	4	1	1	1	1	1
c5f00132-1c6b-4337-af6f-596c652665cc	TCGA-AR-A0U3	TCGA-BRCA	Breast	Female	32	4	5	16	4	1	1	1	1	1
71fc8941-4cfb-47ea-a533-873d38f8c95c	TCGA-E2-A1IO	TCGA-BRCA	Breast	Female	33	4	5	16	4	2	1	1	1	1
b3264748-947a-43aa-b227-b294fbcc8447	TCGA-BH-A203	TCGA-BRCA	Breast	Female	40	6	10	16	4	2	1	1	1	1
dcd5860c-7e3a-44f3-a732-fe92fe3fe300	TCGA-AN-A046	TCGA-BRCA	Breast	Female	32	4	5	16	4	1	1	1	1	1
b8aefc48-4a6e-4254-a57f-5f688399b582	TCGA-LL-A5YO	TCGA-BRCA	Breast	Female	32	4	5	16	4	1	1	1	1	1
56033839-35d5-4d72-8b8c-400cb345263d	TCGA-E9-A22G	TCGA-BRCA	Breast	Female	32	4	5	16	4	1	1	1	1	1
c744fc13-3aca-4245-9e24-abd368cc8bef	TCGA-A2-A0CX	TCGA-BRCA	Breast	Female	29	3	3	16	4	1	1	1	1	1
99e32c59-aa73-43fa-88c9-399ddadb2c72	TCGA-A2-A0D2	TCGA-BRCA	Breast	Female	32	4	5	16	4	1	1	1	1	1
84a88e8d-1e65-4b88-aae6-bf4c7a7e4c33	TCGA-A2-A0YE	TCGA-BRCA	Breast	Female	29	3	3	16	4	1	1	1	1	1
5ed024e8-d05e-4c65-9441-eda9930ccc82	TCGA-A7-A26G	TCGA-BRCA	Breast	Female	32	4	5	16	4	1	1	1	1	1
6dd0dd7b-62ff-4fd1-a99a-b265f1a91dca	TCGA-BH-A1FN	TCGA-BRCA	Breast	Female	40	6	10	16	4	2	1	1	1	1
174850b4-5ec2-462b-a890-89bd1716b3c2	TCGA-A2-A3Y0	TCGA-BRCA	Breast	Female	32	4	5	16	4	1	1	1	1	1
a482fc4c-ff1d-46a0-a968-7df06422cc4b	TCGA-B6-A0WX	TCGA-BRCA	Breast	Female	32	4	5	16	4	1	1	1	2	1
389e5b18-8f89-41a9-9fa5-efd4172836e2	TCGA-PL-A8LV	TCGA-BRCA	Breast	Female	32	4	5	16	4	1	1	1	1	1
dbf6f981-15cc-40ad-91ac-a66360405fbd	TCGA-A7-A4SE	TCGA-BRCA	Breast	Female	35	5	5	16	6	1	1	1	1	1
7c2a8440-0206-4039-8474-8d62f6c7de0c	TCGA-AN-A0AS	TCGA-BRCA	Breast	Female	32	4	5	16	4	1	1	1	1	1
128d198e-9b22-427c-90db-3714455f3a17	TCGA-A2-A0T2	TCGA-BRCA	Breast	Female	32	4	5	16	4	1	1	1	1	1
084c6aec-94f7-4090-8f3f-59fa9e89721a	TCGA-A2-A0D1	TCGA-BRCA	Breast	Female	32	4	5	16	4	1	1	1	1	1
f2e28af9-c40e-41c4-9e82-205cca38f26a	TCGA-EW-A1P1	TCGA-BRCA	Breast	Female	32	4	5	16	4	1	1	1	1	1
e6b79d7a-ed6b-459a-b040-d142616e7ab4	TCGA-BH-A0BF	TCGA-BRCA	Breast	Female	33	4	5	16	4	2	1	1	1	1
d3d545b3-457f-4389-821f-704cb24aff7f	TCGA-AR-A256	TCGA-BRCA	Breast	Female	32	4	5	16	4	1	1	1	1	1
a2453bcb-90f2-4505-949d-a89cf4bfc9b8	TCGA-C8-A1HF	TCGA-BRCA	Breast	Female	32	4	5	16	4	1	1	1	1	1
c0892598-1f7b-4f23-9cd8-731f797753d5	TCGA-A2-A0YG	TCGA-BRCA	Breast	Female	32	4	5	16	4	1	1	1	1	1
23c31c2e-336c-4878-a476-cf8d811b4875	TCGA-S3-AA10	TCGA-BRCA	Breast	Female	32	4	5	16	4	1	1	1	1	1
71229981-97c2-4ae1-a130-fe5de336b37d	TCGA-C8-A12T	TCGA-BRCA	Breast	Female	32	4	5	16	4	1	1	1	1	1
2fe854b4-bac9-4801-9a1c-ee99388e8082	TCGA-AO-A12D	TCGA-BRCA	Breast	Female	32	4	5	16	4	1	1	1	1	1
83f26720-007c-42c9-a7de-7484bf8afa89	TCGA-C8-A12O	TCGA-BRCA	Breast	Female	32	4	5	16	4	1	1	1	1	1
d7ce6b79-f7c0-481e-9dbd-6273f01c9786	TCGA-E2-A14Z	TCGA-BRCA	Breast	Female	32	4	5	16	4	1	1	1	1	1
a8015490-9740-45c9-8bd2-eb6d1beefc2e	TCGA-E2-A152	TCGA-BRCA	Breast	Female	32	4	5	16	4	1	1	1	1	1
878f975b-94fd-4d69-b7e7-1ed3ac2ee438	TCGA-BH-A18H	TCGA-BRCA	Breast	Female	32	4	5	16	4	1	1	1	1	1
c3a981c7-f148-4252-bd50-af8a49ec0df8	TCGA-OL-A5D6	TCGA-BRCA	Breast	Female	32	4	5	16	4	1	1	1	1	1
92b5de82-0221-4df1-8094-80f40c0bb4fa	TCGA-BH-A0BL	TCGA-BRCA	Breast	Female	36	5	5	16	6	2	1	1	1	1
dfaabd03-2d40-4422-b210-caf112ff4229	TCGA-AC-A8OQ	TCGA-BRCA	Breast	Female	32	4	5	16	4	1	1	1	1	1
8c09f413-e938-4f2e-a414-84f0e7fcfe41	TCGA-A7-A4SD	TCGA-BRCA	Breast	Female	35	5	5	16	6	1	1	1	1	1
7bcf6d42-eb8f-4aa2-825b-38671d4f9e3a	TCGA-BH-A0C3	TCGA-BRCA	Breast	Female	40	6	10	16	4	2	1	1	1	1
9676e46b-8f29-43cd-ab65-eb6a535cced4	TCGA-EW-A6S9	TCGA-BRCA	Breast	Female	32	4	5	16	4	1	1	1	1	1
8db69f1d-72e2-40ba-ad8a-cf228499840d	TCGA-C8-A8HP	TCGA-BRCA	Breast	Female	32	4	5	16	4	1	1	1	1	1
ec6930e5-2d83-435a-9a57-a2c5c22caf02	TCGA-BH-A0EB	TCGA-BRCA	Breast	Female	29	3	3	16	4	1	1	1	1	1
1c3610f7-e0aa-48d7-9a27-0dbaf6e244f9	TCGA-A2-A04U	TCGA-BRCA	Breast	Female	32	4	5	16	4	1	1	1	1	1
64d4dfae-8d91-464b-adc3-80ba7caf54ae	TCGA-E9-A22E	TCGA-BRCA	Breast	Female	32	4	5	16	4	1	1	1	1	1
3e25056d-d137-49f5-abaa-f68509426600	TCGA-AN-A0XT	TCGA-BRCA	Breast	Female	32	4	5	16	4	1	1	1	1	1
1111fb30-46ce-4722-98da-ec9ba2323d90	TCGA-AO-A03O	TCGA-BRCA	Breast	Female	32	4	5	16	4	1	1	1	1	1
4aa68586-6331-4795-b40c-859386640df6	TCGA-BH-A1FE	TCGA-BRCA	Breast	Female	59	9	15	24	6	3	1	1	1	1
cf9db1af-17f0-490e-8139-142bd704763a	TCGA-A8-A07O	TCGA-BRCA	Breast	Female	32	4	5	16	4	1	1	1	1	1
a06ff6ae-b0dd-4516-a75c-0db71694b46b	TCGA-LD-A7W5	TCGA-BRCA	Breast	Female	28	3	2	16	4	1	1	1	1	1
790ff5db-b7f3-4946-aaed-305f66b1dd6a	TCGA-BH-A0AV	TCGA-BRCA	Breast	Female	32	4	5	16	4	1	1	1	1	1
64975923-d032-4182-8565-59fc37127d8d	TCGA-D8-A1XT	TCGA-BRCA	Breast	Female	32	4	5	16	4	1	1	1	1	1
dfd0b7ba-c7d3-498e-b455-346301865452	TCGA-AC-A23C	TCGA-BRCA	Breast	Female	32	4	5	16	4	1	1	1	1	1
66072c06-f251-4f0b-b6ae-12b407c52cc6	TCGA-AN-A04C	TCGA-BRCA	Breast	Female	32	4	5	16	4	1	1	1	1	1
c694615c-b1c6-499c-8058-995633ebf948	TCGA-E9-A1RF	TCGA-BRCA	Breast	Female	40	6	10	16	4	2	1	1	1	1
35bd694d-1dd2-466f-ab27-03320614b40e	TCGA-OL-A66I	TCGA-BRCA	Breast	Female	32	4	5	16	4	1	1	1	1	1
6f18f96e-c0c9-4cc4-9fb2-cba8949d5402	TCGA-E2-A9RU	TCGA-BRCA	Breast	Female	32	4	5	16	4	1	1	1	1	1
0741b5db-4405-42ba-b63a-c6ee4f341480	TCGA-BH-A1EY	TCGA-BRCA	Breast	Female	33	4	5	16	4	2	1	1	1	1
9d876f05-5080-4c4e-9bf5-45f631d381e5	TCGA-A8-A081	TCGA-BRCA	Breast	Female	32	4	5	16	4	1	1	1	1	1
53886143-c1c6-40e9-88e6-e4e5e0271fc8	TCGA-A2-A3XX	TCGA-BRCA	Breast	Female	30	4	5	16	2	1	1	1	1	1
92654f8d-5137-4ffd-aaa3-5ae38eb88226	TCGA-A7-A2KD	TCGA-BRCA	Breast	Female	32	4	5	16	4	1	1	1	1	1
f43d622f-eed5-4933-adc6-ae9ad1e33028	TCGA-E2-A1IN	TCGA-BRCA	Breast	Female	32	4	5	16	4	1	1	1	1	1
ad01259b-d858-40bc-a6ba-0bb06e996afb	TCGA-A2-A0SV	TCGA-BRCA	Breast	Female	32	4	5	16	4	1	1	1	1	1
5a17dcd9-5ced-4a69-8069-23c7fd0649d1	TCGA-D8-A13Z	TCGA-BRCA	Breast	Female	32	4	5	16	4	1	1	1	1	1
029ce650-5e5a-4100-8596-cd94300e7ef5	TCGA-E2-A574	TCGA-BRCA	Breast	Female	32	4	5	16	4	1	1	1	2	1
12d31787-e54d-4729-ace8-9141043c92b8	TCGA-A2-A0ST	TCGA-BRCA	Breast	Female	32	4	5	16	4	1	1	1	1	1
97677fd7-8523-48c5-a8ce-614fd4010551	TCGA-AC-A5XU	TCGA-BRCA	Breast	Female	32	4	5	16	4	1	1	1	1	1
9e3de467-fb0d-4021-89f8-b34968a7c7bc	TCGA-AR-A24T	TCGA-BRCA	Breast	Female	30	4	5	16	2	1	1	1	1	1
058dcb78-bed1-40c3-a6c2-a0cc40065531	TCGA-A2-A0T3	TCGA-BRCA	Breast	Female	32	4	5	16	4	1	1	1	1	1
a12fd22a-7f84-4b6e-b6d8-012e38eb73d7	TCGA-AR-A1AW	TCGA-BRCA	Breast	Female	32	4	5	16	4	1	1	1	1	1
6bc4c56d-aac5-49a2-9913-9538d06d898f	TCGA-A8-A06U	TCGA-BRCA	Breast	Female	32	4	5	16	4	1	1	1	1	1
6b923e30-2ddc-407f-91b1-c202f1373fbb	TCGA-C8-A12K	TCGA-BRCA	Breast	Female	32	4	5	16	4	1	1	1	1	1
a32cb96a-78bf-456e-a6ab-2d47b2c67ad4	TCGA-BH-A0BT	TCGA-BRCA	Breast	Female	40	6	10	16	4	2	1	1	1	1
189e1f27-7738-413a-a4d4-97d41d592a13	TCGA-A2-A3XV	TCGA-BRCA	Breast	Female	32	4	5	16	4	1	1	1	1	1
4bf50455-9ab7-4521-a791-089f66d3b877	TCGA-B6-A0RT	TCGA-BRCA	Breast	Female	32	4	5	16	4	1	1	1	1	1
dbb2da92-99dd-400c-bc05-e87d7273656c	TCGA-E2-A1B4	TCGA-BRCA	Breast	Female	32	4	5	16	4	1	1	1	1	1
f1692f4b-ce1b-4fc5-ac55-1022ecae0d1e	TCGA-C8-A134	TCGA-BRCA	Breast	Female	32	4	5	16	4	1	1	1	1	1
88db1340-e4bf-451a-87c0-6e9168296f5e	TCGA-EW-A1PB	TCGA-BRCA	Breast	Female	32	4	5	16	4	1	1	1	1	1
3f834fa7-6d7b-4b85-98c0-5c55d55b6c95	TCGA-B6-A0IE	TCGA-BRCA	Breast	Female	32	4	5	16	4	1	1	1	1	1
3e9f93c0-aa79-4b4c-bd6c-b3325912362a	TCGA-AN-A0AL	TCGA-BRCA	Breast	Female	32	4	5	16	4	1	1	1	1	1
b2ecbc0f-2c30-4200-8d5e-7b95424bcadb	TCGA-A7-A26I	TCGA-BRCA	Breast	Female	44	6	7	24	4	1	1	1	1	1
a855c228-a263-44df-87a0-cbc32187e3f5	TCGA-C8-A1HJ	TCGA-BRCA	Breast	Female	32	4	5	16	4	1	1	1	1	1
7875018b-91dc-4ab1-83b0-ee3883e2816e	TCGA-BH-A0C0	TCGA-BRCA	Breast	Female	43	7	10	16	6	2	1	1	1	1
42378dbc-a123-4cf9-8502-165e89fda271	TCGA-EW-A6SD	TCGA-BRCA	Breast	Female	32	4	5	16	4	1	1	1	1	1
9087585f-e792-4f33-baaa-56ffe0f745be	TCGA-PL-A8LZ	TCGA-BRCA	Breast	Female	32	4	5	16	4	1	1	1	1	1
e3c336f5-c32f-4c5d-81fb-e2408ae145b2	TCGA-AR-A0U0	TCGA-BRCA	Breast	Female	29	3	3	16	4	1	1	1	1	1
f5539207-6534-4edc-a5a5-7666b5d16ba4	TCGA-A8-A08X	TCGA-BRCA	Breast	Female	32	4	5	16	4	1	1	1	1	1
38a8b734-9acc-42f9-b5b7-e51b0dfc6504	TCGA-A8-A092	TCGA-BRCA	Breast	Female	32	4	5	16	4	1	1	1	1	1
81e7a3d3-be70-4834-8018-4d2cc077a4e6	TCGA-A8-A09Z	TCGA-BRCA	Breast	Female	32	4	5	16	4	1	1	1	1	1
75b5529b-565a-4eba-918a-910b2f441d32	TCGA-A2-A1G1	TCGA-BRCA	Breast	Female	32	4	5	16	4	1	1	1	1	1
a82d0a57-4383-473d-b334-d13b278404b1	TCGA-OL-A5RW	TCGA-BRCA	Breast	Female	32	4	5	16	4	1	1	1	1	1
ccd4a24b-d8cc-4686-9dee-c98b0c5a8d21	TCGA-A2-A04P	TCGA-BRCA	Breast	Female	32	4	5	16	4	1	1	1	1	1
4d51159f-ab2f-40e3-a363-847c3654431e	TCGA-C8-A26Y	TCGA-BRCA	Breast	Female	32	4	5	16	4	1	1	1	2	1
a6e11b30-3ae8-4dd1-b04c-a730c6a79746	TCGA-AR-A1AH	TCGA-BRCA	Breast	Female	32	4	5	16	4	1	1	1	1	1
98e0b4de-52fc-4945-9bf5-11e29368f939	TCGA-AR-A1AQ	TCGA-BRCA	Breast	Female	32	4	5	16	4	1	1	1	1	1
3e775c99-ceda-4246-8d6f-0f58ca5097c8	TCGA-D8-A1JM	TCGA-BRCA	Breast	Female	29	3	3	16	4	1	1	1	1	1
69054195-9e93-49e5-b820-69b0091cc2d4	TCGA-A8-A06O	TCGA-BRCA	Breast	Female	32	4	5	16	4	1	1	1	1	1
ff0f875f-113a-4c0f-8c0a-4259cd496e6d	TCGA-C8-A26W	TCGA-BRCA	Breast	Female	32	4	5	16	4	1	1	1	1	1
6644fd4e-d2fe-4785-a73c-0f36fcc740e2	TCGA-A1-A0SO	TCGA-BRCA	Breast	Female	32	4	5	16	4	1	1	1	1	1
9495f029-9882-4c9b-a557-b3aec9e91698	TCGA-AR-A1AP	TCGA-BRCA	Breast	Female	32	4	5	16	4	1	1	1	1	1
60df7543-6da5-4c75-943b-5800c1e08234	TCGA-E2-A14X	TCGA-BRCA	Breast	Female	32	4	5	16	4	1	1	1	1	1
7d681cc6-689d-41c8-9e84-e13733089ec9	TCGA-AR-A1AS	TCGA-BRCA	Breast	Female	32	4	5	16	4	1	1	1	1	1
9ad603dc-3fd0-44f5-ae4e-64eeb1ae8d6d	TCGA-AR-A0U2	TCGA-BRCA	Breast	Female	32	4	5	16	4	1	1	1	1	1
83f943c7-3975-4b4f-985d-9c057741793b	TCGA-AQ-A04H	TCGA-BRCA	Breast	Female	32	4	5	16	4	1	1	1	1	1
23e7a78a-1d56-4ad1-9bb4-72ec0178aff2	TCGA-AR-A1AJ	TCGA-BRCA	Breast	Female	32	4	5	16	4	1	1	1	1	1
6412854a-f874-469e-9d1f-8bd3ae5bd41d	TCGA-A8-A08R	TCGA-BRCA	Breast	Female	32	4	5	16	4	1	1	1	1	1
7861a5f2-8910-4bcb-9c34-f79c5acd6e21	TCGA-A8-A075	TCGA-BRCA	Breast	Female	32	4	5	16	4	1	1	1	1	1
233b02f3-c4f0-4a67-9db5-e68d5cdaccb6	TCGA-BH-A18U	TCGA-BRCA	Breast	Female	40	6	10	16	4	2	1	1	1	1
cc510968-fe52-4109-a79f-74f216b48c78	TCGA-D8-A1XJ	TCGA-BRCA	Breast	Female	32	4	5	16	4	1	1	1	1	1
0a2a3529-f645-4967-9a58-89ee20b8bb62	TCGA-E2-A15E	TCGA-BRCA	Breast	Female	51	7	10	24	6	2	1	1	1	1
4da999a0-ef41-4a0b-b1d1-446b39cc855a	TCGA-EW-A1PH	TCGA-BRCA	Breast	Female	32	4	5	16	4	1	1	1	1	1
49717f75-0f2d-4e1c-9a12-f1cd7877b80a	TCGA-AN-A04D	TCGA-BRCA	Breast	Female	32	4	5	16	4	1	1	1	1	1
c72cb184-462d-4009-9cdb-848782ff8a76	TCGA-A2-A3XT	TCGA-BRCA	Breast	Female	32	4	5	16	4	1	1	1	1	1
0c23c380-363c-474d-b64c-b47f612a8225	TCGA-C8-A1HG	TCGA-BRCA	Breast	Female	32	4	5	16	4	1	1	1	1	1
298d33da-15af-48cb-b30f-eaf54e7baa43	TCGA-A2-A0YH	TCGA-BRCA	Breast	Female	32	4	5	16	4	1	1	1	1	1
5c59028f-b8fa-4811-8314-be3eaed5f364	TCGA-EW-A6SB	TCGA-BRCA	Breast	Female	32	4	5	16	4	1	1	1	1	1
65cac997-4d39-4501-85ec-4fcb328a8eb5	TCGA-GM-A3XL	TCGA-BRCA	Breast	Female	32	4	5	16	4	1	1	1	1	1
b343bfe0-7c23-4c6a-8c84-9ee39db2ecda	TCGA-GM-A2DD	TCGA-BRCA	Breast	Female	32	4	5	16	4	1	1	1	1	1
e4fc0909-f284-4471-866d-d8967b6adcbc	TCGA-E2-A14P	TCGA-BRCA	Breast	Female	32	4	5	16	4	1	1	1	1	1
5cbf0aea-ebb4-4005-bdd5-14ef2dc6826c	TCGA-A2-A0YM	TCGA-BRCA	Breast	Female	32	4	5	16	4	1	1	1	1	1
d5e9a403-88ce-40fc-bb85-80cf3f8ff6bc	TCGA-D8-A1J9	TCGA-BRCA	Breast	Female	32	4	5	16	4	1	1	1	1	1
739cb132-51e9-41be-8064-311a13da0d74	TCGA-D8-A1XA	TCGA-BRCA	Breast	Female	32	4	5	16	4	1	1	1	1	1
9938ce5c-e74e-446e-a932-f096f85cc3b1	TCGA-AQ-A04J	TCGA-BRCA	Breast	Female	32	4	5	16	4	1	1	1	1	1
996bd3f0-d767-4eff-9c82-99fcb5a3006a	TCGA-E2-A1B0	TCGA-BRCA	Breast	Female	32	4	5	16	4	1	1	1	1	1
9d95a65b-e41d-4f93-92d4-99dce29ff40d	TCGA-A7-A0CE	TCGA-BRCA	Breast	Female	43	7	10	16	6	2	1	1	1	1
972447aa-4332-47e7-bddd-2eb699dbb664	TCGA-AR-A0TS	TCGA-BRCA	Breast	Female	32	4	5	16	4	1	1	1	1	1
2b19a6b4-7a17-4452-b4aa-6fc18adc0c3c	TCGA-D8-A1XL	TCGA-BRCA	Breast	Female	32	4	5	16	4	1	1	1	1	1
89c128b9-1c6b-4c04-a4af-7066772e783c	TCGA-PE-A5DE	TCGA-BRCA	Breast	Female	32	4	5	16	4	1	1	1	2	1
2a84997d-ccee-4f46-bea2-752534f26416	TCGA-E2-A1LL	TCGA-BRCA	Breast	Female	32	4	5	16	4	1	1	1	1	1
7e9c8d3c-790c-46ad-8f31-b557b7c26f69	TCGA-E9-A6HE	TCGA-BRCA	Breast	Female	32	4	5	16	4	1	1	1	1	1
de75d0b9-0f47-4732-8df5-05c350cfcd32	TCGA-AN-A0FY	TCGA-BRCA	Breast	Female	32	4	5	16	4	1	1	1	1	1
45013972-2dfd-4f82-a076-e3e4af1b43b8	TCGA-UU-A93S	TCGA-BRCA	Breast	Female	32	4	5	16	4	1	1	1	1	1
ab89bb2e-da84-4116-a8cd-49aad7bbfd4d	TCGA-AR-A0TP	TCGA-BRCA	Breast	Female	32	4	5	16	4	1	1	1	1	1
6439621e-da61-4723-91cc-c5d87d0a4abc	TCGA-AR-A0TV	TCGA-BRCA	Breast	Female	32	4	5	16	4	1	1	1	1	1
18d35983-ea6a-4b70-a209-9bef37595956	TCGA-A2-A0SX	TCGA-BRCA	Breast	Female	32	4	5	16	4	1	1	1	1	1
124b693c-77dc-4fa8-b703-54e8b5054a92	TCGA-HN-A2NL	TCGA-BRCA	Breast	Female	32	4	5	16	4	1	1	1	1	1
31c31cce-1b4d-4f12-922f-84f389403170	TCGA-A8-A079	TCGA-BRCA	Breast	Female	32	4	5	16	4	1	1	1	1	1
66af34ea-f471-4092-aff6-9ac9a5b75b11	TCGA-BH-A0B0	TCGA-BRCA	Breast	Female	32	4	5	16	4	1	1	1	1	1
8c7e74e0-71ef-49b8-9217-94b8ef740ef9	TCGA-A7-A13E	TCGA-BRCA	Breast	Female	100	14	20	56	6	2	1	1	2	1
0a229f95-0ea1-4d63-953e-74f5ec2f3028	TCGA-AO-A0JD	TCGA-BRCA	Breast	Female	32	4	5	16	4	1	1	1	1	1
27ba717a-5cd8-440a-9345-4ae086f6efca	TCGA-BH-A0DI	TCGA-BRCA	Breast	Female	33	4	5	16	4	2	1	1	1	1
20e8106b-1290-4735-abe4-7621e08e3dc8	TCGA-BH-A0E0	TCGA-BRCA	Breast	Female	40	6	8	16	6	2	1	1	1	1
f72c1d69-da35-459f-8542-59bfd6c09c23	TCGA-AR-A1AX	TCGA-BRCA	Breast	Female	32	4	5	16	4	1	1	1	1	1
91a2f2af-e4b1-4a0b-ab20-6a36ce63c533	TCGA-E2-A1LS	TCGA-BRCA	Breast	Female	38	6	10	16	2	2	1	1	1	1
48ff0420-0f19-4e9d-a75d-6c54949a461a	TCGA-B6-A401	TCGA-BRCA	Breast	Female	32	4	5	16	4	1	1	1	1	1
4e3699da-4367-4a43-9d66-a117d3ad460d	TCGA-AN-A0XN	TCGA-BRCA	Breast	Female	32	4	5	16	4	1	1	1	1	1
f062cbd0-2426-40ac-a4be-e74ac61fa2a7	TCGA-A7-A56D	TCGA-BRCA	Breast	Female	35	5	5	16	6	1	1	1	1	1
324bcba2-f6a4-45a6-807c-215bdffcca21	TCGA-A2-A0D0	TCGA-BRCA	Breast	Female	32	4	5	16	4	1	1	1	1	1
33919e92-4ea9-47e5-a6f4-36e51845d50f	TCGA-A8-A09N	TCGA-BRCA	Breast	Female	32	4	5	16	4	1	1	1	1	1
214a4507-d974-4b3e-8525-7408fccc6a0f	TCGA-BH-A0B7	TCGA-BRCA	Breast	Female	43	7	10	16	6	2	1	1	1	1
57af5c72-0d60-4a6b-b1b4-ec6dab90f80f	TCGA-A7-A6VV	TCGA-BRCA	Breast	Female	32	4	5	16	4	1	1	1	1	1
65077db7-dd59-4362-9d28-d5a9154e9be0	TCGA-C8-A278	TCGA-BRCA	Breast	Female	32	4	5	16	4	1	1	1	1	1
546248b0-22a0-4b70-a437-76fb0a238a0d	TCGA-AN-A0FJ	TCGA-BRCA	Breast	Female	32	4	5	16	4	1	1	1	2	1
b97bf89a-7a85-4eef-ae7e-f787aead1f0a	TCGA-BH-A1FC	TCGA-BRCA	Breast	Female	40	6	10	16	4	2	1	1	1	1
a4c59287-1ad5-46a5-8040-e591e6ce064f	TCGA-E9-A244	TCGA-BRCA	Breast	Female	32	4	5	16	4	1	1	1	1	1
1174f6e4-ffbe-4e59-a000-8d861c968369	TCGA-AO-A03L	TCGA-BRCA	Breast	Female	32	4	5	16	4	1	1	1	1	1
599c3701-df7a-4a75-a347-fa9b510dd242	TCGA-AR-A24K	TCGA-BRCA	Breast	Female	32	4	5	16	4	1	1	1	1	1
786e8dbe-442e-4551-87b3-b4c333b04dd4	TCGA-BH-A0WA	TCGA-BRCA	Breast	Female	32	4	5	16	4	1	1	1	1	1
13b860c3-8048-4dc9-9eb0-7480bc660837	TCGA-AN-A0FX	TCGA-BRCA	Breast	Female	32	4	5	16	4	1	1	1	1	1
32efa6e8-6b19-480a-9d04-ace02e93318a	TCGA-A2-A0CW	TCGA-BRCA	Breast	Female	32	4	5	16	4	1	1	1	1	1
2c90d5e3-ac8c-4c86-a06f-42ccc064eb49	TCGA-D8-A1XZ	TCGA-BRCA	Breast	Female	32	4	5	16	4	1	1	1	1	1
e3935ce4-64d3-4a66-ba11-d308b844b410	TCGA-E9-A5FL	TCGA-BRCA	Breast	Female	32	4	5	16	4	1	1	1	1	1
3af31fcf-ad0c-4fd9-a8e3-10f9176b5e9d	TCGA-AR-A5QQ	TCGA-BRCA	Breast	Female	32	4	5	16	4	1	1	1	1	1
a5b44d66-c162-46b5-9df2-86305f0385c5	TCGA-A1-A0SK	TCGA-BRCA	Breast	Female	32	4	5	16	4	1	1	1	1	1
a76774fe-7298-4d68-a2b2-c1bad93f0c31	TCGA-GM-A2DL	TCGA-BRCA	Breast	Female	32	4	5	16	4	1	1	1	1	1
6429c443-8ac3-407f-bb9c-66420b904bbf	TCGA-E2-A573	TCGA-BRCA	Breast	Female	32	4	5	16	4	1	1	1	1	1
4cfef7f9-f1ee-401c-a2a3-c225d4adc3b6	TCGA-EW-A1PA	TCGA-BRCA	Breast	Female	32	4	5	16	4	1	1	1	1	1
17d9e646-6ab3-40b3-a0bc-2c834d3c3213	TCGA-AR-A0U1	TCGA-BRCA	Breast	Female	25	2	0	16	4	1	1	1	1	1
e828455d-4680-41b2-8a1c-1582e3790d62	TCGA-BH-A0RX	TCGA-BRCA	Breast	Female	32	4	5	16	4	1	1	1	1	1
db55d9d9-dd56-4ca9-b1f1-0d929697b280	TCGA-BH-A5J0	TCGA-BRCA	Breast	Female	30	4	5	16	2	1	1	1	2	1
3b01d064-8c00-4972-9f07-407eac8e7534	TCGA-BH-A0HX	TCGA-BRCA	Breast	Female	32	4	5	16	4	1	1	1	1	1
01f50abf-fc15-446e-9d07-edeecc545a32	TCGA-E2-A155	TCGA-BRCA	Breast	Female	32	4	5	16	4	1	1	1	1	1
c348a9b3-c901-4384-a222-144387bac0c5	TCGA-BH-A1FU	TCGA-BRCA	Breast	Female	39	6	10	16	4	1	1	1	1	1
5c8983f2-9788-4dfa-971c-3ec457b6166e	TCGA-A2-A0CL	TCGA-BRCA	Breast	Female	32	4	5	16	4	1	1	1	1	1
6014a582-d22e-46e1-9000-c8e2fbad7acf	TCGA-AR-A254	TCGA-BRCA	Breast	Female	32	4	5	16	4	1	1	1	1	1
a0576d44-9add-429b-9eeb-f7b234b7385f	TCGA-E2-A14Y	TCGA-BRCA	Breast	Female	36	5	5	16	6	2	1	1	1	1
8c51bbcb-7c8d-47ad-9193-70ca157c6900	TCGA-AR-A251	TCGA-BRCA	Breast	Female	32	4	5	16	4	1	1	1	1	1
5b2a4f11-ca46-4974-9420-59b4820920bf	TCGA-AC-A62X	TCGA-BRCA	Breast	Female	32	4	5	16	4	1	1	1	1	1
8360cec6-daf6-41c9-9a4f-7fc03c958dcc	TCGA-OL-A5RY	TCGA-BRCA	Breast	Female	32	4	5	16	4	1	1	1	1	1
b1d44c81-747d-471f-9093-aeb262a17975	TCGA-Z7-A8R6	TCGA-BRCA	Breast	Female	32	4	5	16	4	1	1	1	1	1
56203436-8634-4fd0-96b5-ba6be9d87857	TCGA-D8-A1JK	TCGA-BRCA	Breast	Female	32	4	5	16	4	1	1	1	1	1
e1786e78-ac46-46fd-8ce0-8f7456e46082	TCGA-LL-A8F5	TCGA-BRCA	Breast	Female	32	4	5	16	4	1	1	1	1	1
abdc76db-f85e-4337-a57e-6d098789da03	TCGA-C8-A12P	TCGA-BRCA	Breast	Female	32	4	5	16	4	1	1	1	1	1
5dd423e8-feaa-4568-a750-500948c41d6c	TCGA-B6-A0I1	TCGA-BRCA	Breast	Female	32	4	5	16	4	1	1	1	1	1
52c35691-efca-42f5-a03e-02c9f872275c	TCGA-C8-A1HK	TCGA-BRCA	Breast	Female	32	4	5	16	4	1	1	1	1	1
843c8f16-5e59-40d4-9ecc-8a75375156f6	TCGA-A2-A4S1	TCGA-BRCA	Breast	Female	32	4	5	16	4	1	1	1	1	1
67c5f371-3fa9-47c5-8b15-c2dd9acc8519	TCGA-AC-A2QH	TCGA-BRCA	Breast	Female	47	6	7	24	6	2	1	1	1	1
f7ab565c-83b5-4988-b9be-8a46f65dca8c	TCGA-D8-A1JJ	TCGA-BRCA	Breast	Female	32	4	5	16	4	1	1	1	1	1
94b95984-b2fb-4e42-8887-45e7086c3179	TCGA-E9-A1RB	TCGA-BRCA	Breast	Female	40	6	10	16	4	2	1	1	1	1
f954de05-1b44-4087-8933-6cc72d81028d	TCGA-E9-A1N5	TCGA-BRCA	Breast	Female	40	6	10	16	4	2	1	1	1	1
a824b3bd-34d5-4cc1-a92f-f9d6ac0f1814	TCGA-C8-A12Q	TCGA-BRCA	Breast	Female	32	4	5	16	4	1	1	1	1	1
09c2bc35-c21f-4aa4-ac30-0d8db02ad811	TCGA-A8-A09Q	TCGA-BRCA	Breast	Female	32	4	5	16	4	1	1	1	1	1
2e82e576-3095-4aee-9853-65f676647c34	TCGA-AO-A03R	TCGA-BRCA	Breast	Female	32	4	5	16	4	1	1	1	1	1
cffe832c-8a81-4cdb-8b25-df7f35afafdc	TCGA-S3-AA0Z	TCGA-BRCA	Breast	Female	32	4	5	16	4	1	1	1	1	1
dcfd0b1d-5707-44a6-b225-5e8f7cea5ca1	TCGA-A8-A097	TCGA-BRCA	Breast	Female	32	4	5	16	4	1	1	1	1	1
baf5e81f-2322-41ec-9053-b9559a7993bc	TCGA-AN-A0FT	TCGA-BRCA	Breast	Female	32	4	5	16	4	1	1	1	1	1
398fb71b-ca83-44e7-bf0d-b1ca464b0283	TCGA-OL-A6VO	TCGA-BRCA	Breast	Female	32	4	5	16	4	1	1	1	1	1
8785012f-f73e-4d68-87cf-1d804af32782	TCGA-A7-A13D	TCGA-BRCA	Breast	Female	89	11	15	56	4	1	1	1	1	1
01263518-5f7c-49dc-8d7e-84b0c03a6a63	TCGA-A8-A07W	TCGA-BRCA	Breast	Female	32	4	5	16	4	1	1	1	1	1
521e2140-ae5b-456f-8699-97398d009687	TCGA-EW-A1P4	TCGA-BRCA	Breast	Female	32	4	5	16	4	1	1	1	1	1
d5be2ab3-f748-480d-954b-385cf01b4c81	TCGA-D8-A27N	TCGA-BRCA	Breast	Female	32	4	5	16	4	1	1	1	1	1
6b960b58-28e1-41c6-bd6e-7e669c6aa4ef	TCGA-BH-A18V	TCGA-BRCA	Breast	Female	56	8	13	24	6	3	1	1	1	1
6fa2a667-9c36-4526-8a58-1975e863a806	TCGA-AC-A2BK	TCGA-BRCA	Breast	Female	32	4	5	16	4	1	1	1	1	1
8cf54607-01ce-42b0-9bd9-8627edd9f3b7	TCGA-C8-A130	TCGA-BRCA	Breast	Female	32	4	5	16	4	1	1	1	1	1
c8f39325-5382-447c-9291-a6915fc978b8	TCGA-OL-A5D7	TCGA-BRCA	Breast	Female	32	4	5	16	4	1	1	1	1	1
dd67408e-46ba-4573-9415-d4814e9f84de	TCGA-E9-A226	TCGA-BRCA	Breast	Female	32	4	5	16	4	1	1	1	1	1
887b9e5b-99db-44ac-9c30-c0dc6877b41c	TCGA-D8-A1XW	TCGA-BRCA	Breast	Female	32	4	5	16	4	1	1	1	1	1
8183f0fb-2303-4d7b-bccd-55e5031fc7df	TCGA-AC-A6IW	TCGA-BRCA	Breast	Female	32	4	5	16	4	1	1	1	1	1
328dfcb0-b5ae-43f2-bc87-dad0ab3df9e7	TCGA-B6-A0I2	TCGA-BRCA	Breast	Female	32	4	5	16	4	1	1	1	1	1
98e709e7-e195-4b37-9537-f6081affb609	TCGA-A7-A6VW	TCGA-BRCA	Breast	Female	32	4	5	16	4	1	1	1	1	1
f251cb6c-d18e-4691-9c82-24ed1ac0abf9	TCGA-BH-A0BP	TCGA-BRCA	Breast	Female	32	4	5	16	4	1	1	1	1	1
d2f2560c-ec80-4fea-9474-c47a2e85ea95	TCGA-AO-A0J2	TCGA-BRCA	Breast	Female	32	4	5	16	4	1	1	1	1	1
e74aea7c-ca14-49df-b5cf-dacb839ac27a	TCGA-E9-A1NC	TCGA-BRCA	Breast	Female	29	3	3	16	4	1	1	1	1	1
ea645243-df49-4466-a255-9f3d4321e357	TCGA-LL-A73Y	TCGA-BRCA	Breast	Female	32	4	5	16	4	1	1	1	1	1
d6f7afc0-1558-43ad-acb1-2b5311ed2264	TCGA-GM-A2DF	TCGA-BRCA	Breast	Female	32	4	5	16	4	1	1	1	1	1
791c5768-f0f5-4ab6-86eb-998e5c4b49e3	TCGA-E2-A1L7	TCGA-BRCA	Breast	Female	40	6	10	16	4	2	1	1	1	1
2021ed1f-dc75-4701-b8b8-1386466e4802	TCGA-BH-A0H7	TCGA-BRCA	Breast	Female	43	7	10	16	6	2	1	1	1	1
2c86c3ea-d926-4d39-a5ae-39ece4774287	TCGA-B6-A0IJ	TCGA-BRCA	Breast	Female	32	4	5	16	4	1	1	1	1	1
281f70c5-876f-44b3-84fb-f2302f85e74c	TCGA-A8-A06Q	TCGA-BRCA	Breast	Female	32	4	5	16	4	1	1	1	1	1
045c13ef-3db7-4adf-b0a3-23338f0479f3	TCGA-B6-A0I6	TCGA-BRCA	Breast	Female	41	5	5	24	4	1	1	1	1	1
632984bd-dc81-42b6-b024-476cfd0bb2ae	TCGA-D8-A1Y3	TCGA-BRCA	Breast	Female	32	4	5	16	4	1	1	1	1	1
1d27253f-b036-44e7-a04d-8da5bbf57419	TCGA-E2-A1LK	TCGA-BRCA	Breast	Female	32	4	5	16	4	1	1	1	1	1
5700c1b3-922a-4401-8ab8-89028908d696	TCGA-GM-A2DH	TCGA-BRCA	Breast	Female	32	4	5	16	4	1	1	1	2	1
3ea9412b-429e-4dcf-90cd-c53be06885a1	TCGA-AO-A0JB	TCGA-BRCA	Breast	Female	32	4	5	16	4	1	1	1	1	1
96312510-c126-485d-8109-ed81844a1dc3	TCGA-AN-A0G0	TCGA-BRCA	Breast	Female	32	4	5	16	4	1	1	1	1	1
e0b1bcd2-1139-44b9-98b3-67bcf92bcc39	TCGA-E2-A1B6	TCGA-BRCA	Breast	Female	32	4	5	16	4	1	1	1	1	1
17f275c1-a0d4-487d-8f02-ea279584b4cd	TCGA-D8-A13Y	TCGA-BRCA	Breast	Female	32	4	5	16	4	1	1	1	1	1
376ffe63-efd7-42af-90e1-261255b28bb7	TCGA-AR-A2LH	TCGA-BRCA	Breast	Female	32	4	5	16	4	1	1	1	1	1
89128dba-403f-4a96-bb3b-23ed0d5e2147	TCGA-E2-A1AZ	TCGA-BRCA	Breast	Female	30	4	5	16	2	1	1	1	2	1
eb2dbb4f-66b6-4525-8323-431970f7a64e	TCGA-A2-A0CM	TCGA-BRCA	Breast	Female	32	4	5	16	4	1	1	1	1	1
42621dfa-abfd-4c7d-8bc5-a02a09d1c2b4	TCGA-C8-A12Z	TCGA-BRCA	Breast	Female	32	4	5	16	4	1	1	1	1	1
b7f74ae1-6f58-447c-be50-a7666eb19d9a	TCGA-AO-A1KR	TCGA-BRCA	Breast	Female	32	4	5	16	4	1	1	1	1	1
2399caeb-ead2-4003-af38-809db4ac2e2b	TCGA-A8-A06Z	TCGA-BRCA	Breast	Female	32	4	5	16	4	1	1	1	1	1
f06f09f3-8133-4a92-ac86-fbe64295e0d8	TCGA-E9-A1ND	TCGA-BRCA	Breast	Female	40	6	10	16	4	2	1	1	1	1
a6edb6ca-ae9f-4da7-8ebe-92d83d2987fb	TCGA-E2-A158	TCGA-BRCA	Breast	Female	43	7	10	16	6	2	1	1	1	1
d093173f-08ab-4138-bf3c-399c45a6e163	TCGA-AR-A2LR	TCGA-BRCA	Breast	Female	32	4	5	16	4	1	1	1	1	1
f947d67f-4aa2-4eb9-977e-21a5ae563613	TCGA-A8-A08P	TCGA-BRCA	Breast	Female	29	3	3	16	4	1	1	1	1	1
a8b1f6e7-2bcf-460d-b1c6-1792a9801119	TCGA-E9-A1NF	TCGA-BRCA	Breast	Female	40	6	10	16	4	2	1	1	1	1
eb93df3d-9e25-4e4c-9a5d-350f296e5acf	TCGA-D8-A1X5	TCGA-BRCA	Breast	Female	32	4	5	16	4	1	1	1	1	1
3886b4fb-ba22-4a50-b11a-a6893951f170	TCGA-D8-A1XQ	TCGA-BRCA	Breast	Female	32	4	5	16	4	1	1	1	1	1
4ac693e9-10f3-46b3-9d46-df3af7b0d259	TCGA-E2-A150	TCGA-BRCA	Breast	Female	32	4	5	16	4	1	1	1	1	1
a8a33ba9-0976-4e19-b0e9-fa5ba4d4eaa8	TCGA-BH-A5IZ	TCGA-BRCA	Breast	Female	35	5	5	16	6	1	1	1	1	1
27b05b15-a44b-45ed-a6e3-e7d1ca488ea9	TCGA-A8-A09X	TCGA-BRCA	Breast	Female	32	4	5	16	4	1	1	1	1	1
495f9eda-b9be-4eef-bae1-766a4bfbd68e	TCGA-AO-A12F	TCGA-BRCA	Breast	Female	32	4	5	16	4	1	1	1	1	1
af97e043-88cb-4f99-8f8b-9bcbcccdf842	TCGA-EW-A2FR	TCGA-BRCA	Breast	Female	32	4	5	16	4	1	1	1	1	1
f30eb65f-fb44-4062-ac39-a38d072f655f	TCGA-B6-A1KF	TCGA-BRCA	Breast	Female	32	4	5	16	4	1	1	1	1	1
d13fb44b-291b-4ea4-920c-142daa8d1989	TCGA-AC-A5EH	TCGA-BRCA	Breast	Female	32	4	5	16	4	1	1	1	1	1
e8ea576b-eb16-44f7-b241-daefc1375388	TCGA-A7-A6VY	TCGA-BRCA	Breast	Female	32	4	5	16	4	1	1	1	1	1
3afa1e93-1df8-4e4c-aaa4-557463f4bb77	TCGA-A7-A0DA	TCGA-BRCA	Breast	Female	32	4	5	16	4	1	1	1	1	1
a1da9db1-db11-4f4d-a249-c738db81b87e	TCGA-AN-A0XU	TCGA-BRCA	Breast	Female	32	4	5	16	4	1	1	1	1	1
28e9048a-e540-42de-a1f4-4ef894fccc4c	TCGA-AR-A24Q	TCGA-BRCA	Breast	Female	32	4	5	16	4	1	1	1	1	1
994ca1f5-ad10-44ec-aa21-71fc2940653b	TCGA-E9-A1N9	TCGA-BRCA	Breast	Female	39	6	10	16	4	1	1	1	1	1
408cb583-6dc3-4698-8bd2-e284042bd5ef	TCGA-E9-A1RH	TCGA-BRCA	Breast	Female	40	6	10	16	4	2	1	1	1	1
d67cd793-2931-429a-9084-2f3c4c8be7ad	TCGA-A2-A0EY	TCGA-BRCA	Breast	Female	32	4	5	16	4	1	1	1	1	1
8b525ec6-d24b-49d4-bfcb-b354de4dae7c	TCGA-C8-A1HM	TCGA-BRCA	Breast	Female	32	4	5	16	4	1	1	1	1	1
7e1673f8-5758-4963-8804-d5e39f06205b	TCGA-C8-A12V	TCGA-BRCA	Breast	Female	32	4	5	16	4	1	1	1	1	1
418c11e8-2670-48d5-bbf5-95b46bff1201	TCGA-A2-A4S3	TCGA-BRCA	Breast	Female	32	4	5	16	4	1	1	1	1	1
f0d8a1fe-e313-44f1-99cc-b965cbeeff0e	TCGA-C8-A27B	TCGA-BRCA	Breast	Female	32	4	5	16	4	1	1	1	1	1
16368c32-2118-4fcf-8693-6c89995e49d8	TCGA-A1-A0SI	TCGA-BRCA	Breast	Female	32	4	5	16	4	1	1	1	1	1
539bbbed-43fb-4fef-9c67-6406f58b186a	TCGA-E9-A248	TCGA-BRCA	Breast	Female	32	4	5	16	4	1	1	1	1	1
9416ff9b-6f29-4554-b04d-b537a3ae3969	TCGA-B6-A0RS	TCGA-BRCA	Breast	Female	32	4	5	16	4	1	1	1	1	1
016caf42-4e19-4444-ab5d-6cf1e76c4afa	TCGA-AO-A128	TCGA-BRCA	Breast	Female	32	4	5	16	4	1	1	1	1	1
417dea5f-f68e-4dab-940e-43ae8c67e5e6	TCGA-BH-A1EV	TCGA-BRCA	Breast	Female	40	6	10	16	4	2	1	1	1	1
aa4244a8-0454-4247-a1c3-357fd51746fa	TCGA-D8-A1JL	TCGA-BRCA	Breast	Female	32	4	5	16	4	1	1	1	1	1
2e8e70f2-c781-44c2-8f12-1f8c2f536aa3	TCGA-AN-A0FV	TCGA-BRCA	Breast	Female	32	4	5	16	4	1	1	1	1	1
00807dae-9f4a-4fd1-aac2-82eb11bf2afb	TCGA-A2-A04W	TCGA-BRCA	Breast	Female	32	4	5	16	4	1	1	1	1	1
271404de-24e8-43f6-806b-fb510c1124c4	TCGA-B6-A1KN	TCGA-BRCA	Breast	Female	32	4	5	16	4	1	1	1	1	1
f2622cdb-ac92-42b3-a1ca-67e133c3dd4a	TCGA-AC-A3OD	TCGA-BRCA	Breast	Female	47	6	7	24	6	2	1	1	1	1